token_id,token,frequency
0,a,34
1,accuracy,3
2,an,4
3,analysis,4
4,analytics,3
5,and,2
6,answers,1
7,apply,1
8,approximates,1
9,assumptions,1
10,automation,3
11,be,4
12,behavior,1
13,builds,1
14,calculation,1
15,can,3
16,carefully,1
17,categorical,3
18,code,1
19,collected,1
20,collection,2
21,columns,1
22,confusion,1
23,context,1
24,correctness,1
25,data,11
26,dataset,3
27,decision,1
28,decisions,1
29,depends,3
30,documentation,4
31,efficiency,1
32,enables,1
33,error,1
34,estimates,1
35,ethics,3
36,evaluation,1
37,examination,1
38,explains,1
39,groups,1
40,guarantee,1
41,guide,1
42,guides,1
43,has,4
44,improves,1
45,increases,1
46,insight,1
47,into,1
48,is,9
49,labels,1
50,limitations,1
51,making,1
52,manual,1
53,means,1
54,measurement,1
55,measures,2
56,metric,3
57,misleading,1
58,model,3
59,must,1
60,name,1
61,not,2
62,numbers,1
63,numeric,3
64,observations,1
65,of,4
66,on,3
67,or,1
68,ordered,1
69,outcome,1
70,oversight,1
71,performance,1
72,pipeline,3
73,practice,1
74,prediction,3
75,probabilistic,1
76,question,1
77,reality,1
78,records,1
79,reduces,2
80,repeatability,1
81,repeated,1
82,representation,1
83,represents,1
84,reproducibility,3
85,require,1
86,requires,2
87,responsible,1
88,results,1
89,reuse,1
90,rows,1
91,sequence,1
92,simplified,1
93,steps,1
94,stores,2
95,structured,1
96,summarizes,1
97,supports,3
98,systematic,1
99,the,1
100,to,1
101,transforms,1
102,transparency,1
103,trust,1
104,turns,1
105,type,1
106,unstructured,1
107,using,1
108,value,1
109,values,1
110,variable,9
111,work,1
